,missing_count,missing_pct
o_xylene,866044,100.0
xylene,866044,100.0
vertical_wind_speed,804456,92.88858302811404
ethyl_benzene,647832,74.80358965595282
rainfall,613237,70.80898891973156
mp_xylene,575474,66.44858690782455
solar_radiation,570769,65.9053119702925
total_rainfall,515164,59.48473749601637
wind_speed,387809,44.779364558844584
toluene,320346,36.98957558738355
wind_direction,302161,34.889797746996685
pressure,289335,33.40881063779669
temperature,250953,28.976934197338704
nh3,226442,26.146708481324275
benzene,210268,24.279135933047282
pm25,203856,23.538757846021678
o3,190524,21.99934414417743
no,152495,17.608227757481142
nox,140940,16.273999935338157
relative_humidity,137048,15.824600135789868
co,106887,12.341982624439405
pm10,98465,11.36951471287833
no2,86018,9.932289814374327
so2,82809,9.56175436813834
