month,month_name,mean_aqi,median_aqi,max_aqi,valid_hours
1,January,94.53401301768331,93.0,500.0,17361
2,February,89.19095572867187,87.0,500.0,15789
3,March,95.84458435350355,91.0,344.0,17154
4,April,82.47531700110797,78.0,329.0,16246
5,May,64.88128109452737,58.0,500.0,16080
6,June,57.182755501959605,49.0,361.0,16585
7,July,52.251293588301465,46.0,155.0,17780
8,August,54.371539916327585,49.0,349.0,17449
9,September,57.08652188900379,52.0,172.0,17406
10,October,68.39231529384409,59.0,326.0,17203
11,November,84.81566903528845,82.0,285.0,16606
12,December,84.70972653276337,81.0,278.0,17077
