Station Name,pm25,pm10,no,no2,nox,nh3,so2,co,o3,benzene,toluene
"BTM Layout, Bengaluru - CPCB",94.69,92.53,89.28,89.46,89.6,87.67,95.98,97.89,99.14,98.85,98.85
"Bapuji Nagar, Bengaluru - KSPCB",93.44,93.81,93.04,96.6,97.44,96.61,97.45,91.55,95.52,89.88,90.42
"City Railway Station, Bengaluru - KSPCB",0.0,97.48,99.79,99.85,99.91,0.0,98.31,99.01,0.0,0.0,0.0
"Hebbal, Bengaluru - KSPCB",92.4,96.61,0.0,83.22,0.0,82.23,85.5,69.83,90.85,84.01,0.0
"Hombegowda Nagar, Bengaluru - KSPCB",97.33,98.71,92.6,96.4,96.39,96.33,92.34,89.13,95.41,91.75,98.74
"Jayanagar 5th Block, Bengaluru - KSPCB",94.65,94.15,83.79,88.62,88.69,88.28,94.78,87.62,97.56,91.57,93.68
"Jigani, Bengaluru - KSPCB",80.6,81.62,88.84,88.92,88.95,88.0,87.67,84.61,88.62,87.05,73.82
"Kasturi Nagar, Bengaluru - KSPCB",88.27,88.54,88.59,89.1,89.12,89.09,91.56,93.34,88.74,82.45,85.84
"Peenya, Bengaluru - CPCB",94.57,87.19,98.21,98.23,98.5,98.27,91.33,92.81,91.75,97.83,97.93
"RVCE-Mailasandra, Bengaluru - KSPCB",72.07,61.01,82.4,82.43,83.27,56.35,75.42,82.78,78.34,82.25,82.25
"Sanegurava Halli, Bengaluru - KSPCB",0.0,97.67,99.06,99.05,98.92,0.0,97.88,99.31,0.0,0.0,0.0
"Shivapura_Peenya, Bengaluru - KSPCB",78.88,79.6,86.01,85.99,86.13,82.83,84.58,84.27,89.48,75.15,0.0
"Silk Board, Bengaluru - KSPCB",88.47,87.5,75.24,76.97,77.16,76.76,86.64,72.11,79.41,85.24,85.24
