Station Name,mean_aqi,median_aqi,max_aqi,valid_hours
"Silk Board, Bengaluru - KSPCB",102.38622717037778,103.0,500.0,15988
"RVCE-Mailasandra, Bengaluru - KSPCB",94.2074026802808,81.0,344.0,14103
"City Railway Station, Bengaluru - KSPCB",89.71806387225548,90.0,193.0,12024
"Bapuji Nagar, Bengaluru - KSPCB",78.44590540626795,74.0,377.0,15667
"Kasturi Nagar, Bengaluru - KSPCB",76.97026574986062,61.0,307.0,16143
"Jigani, Bengaluru - KSPCB",76.64512268102932,73.0,325.0,15039
"Peenya, Bengaluru - CPCB",74.46286787726989,76.0,160.0,15970
"Shivapura_Peenya, Bengaluru - KSPCB",74.41701352757545,69.0,278.0,15376
"Jayanagar 5th Block, Bengaluru - KSPCB",72.65634075508228,65.0,500.0,16528
"BTM Layout, Bengaluru - CPCB",66.56493873704052,60.0,500.0,15915
"Hebbal, Bengaluru - KSPCB",61.465559181251855,56.0,285.0,16855
"Hombegowda Nagar, Bengaluru - KSPCB",54.59994202898551,48.0,230.0,17250
"Sanegurava Halli, Bengaluru - KSPCB",43.33505479279506,40.0,257.0,15878
