Station Name,hour_start,aqi,aqi_category,dominant_pollutant,available_subindices
"Jayanagar 5th Block, Bengaluru - KSPCB",2024-02-13 10:00:00+05:30,500.0,Severe,pm25,6
"Jayanagar 5th Block, Bengaluru - KSPCB",2024-02-13 15:00:00+05:30,500.0,Severe,pm25,6
"Silk Board, Bengaluru - KSPCB",2024-01-11 06:00:00+05:30,500.0,Severe,pm25,6
"Silk Board, Bengaluru - KSPCB",2024-01-09 19:00:00+05:30,500.0,Severe,pm25,7
"Jayanagar 5th Block, Bengaluru - KSPCB",2024-02-13 11:00:00+05:30,500.0,Severe,pm25,6
"Jayanagar 5th Block, Bengaluru - KSPCB",2024-02-13 12:00:00+05:30,500.0,Severe,pm25,6
"Silk Board, Bengaluru - KSPCB",2024-01-09 20:00:00+05:30,500.0,Severe,pm25,7
"Silk Board, Bengaluru - KSPCB",2024-01-09 21:00:00+05:30,500.0,Severe,pm25,6
"Silk Board, Bengaluru - KSPCB",2024-01-09 22:00:00+05:30,500.0,Severe,pm25,6
"Silk Board, Bengaluru - KSPCB",2024-01-09 23:00:00+05:30,500.0,Severe,pm25,6
"Jayanagar 5th Block, Bengaluru - KSPCB",2024-02-13 23:00:00+05:30,500.0,Severe,pm25,7
"Jayanagar 5th Block, Bengaluru - KSPCB",2024-02-13 03:00:00+05:30,500.0,Severe,pm25,6
"Jayanagar 5th Block, Bengaluru - KSPCB",2024-02-13 04:00:00+05:30,500.0,Severe,pm25,6
"Jayanagar 5th Block, Bengaluru - KSPCB",2024-02-13 05:00:00+05:30,500.0,Severe,pm25,6
"Jayanagar 5th Block, Bengaluru - KSPCB",2024-02-13 06:00:00+05:30,500.0,Severe,pm25,6
"Jayanagar 5th Block, Bengaluru - KSPCB",2024-02-13 07:00:00+05:30,500.0,Severe,pm25,6
"Jayanagar 5th Block, Bengaluru - KSPCB",2024-02-13 08:00:00+05:30,500.0,Severe,pm25,6
"Jayanagar 5th Block, Bengaluru - KSPCB",2024-02-13 09:00:00+05:30,500.0,Severe,pm25,6
"Jayanagar 5th Block, Bengaluru - KSPCB",2024-02-13 22:00:00+05:30,500.0,Severe,pm25,6
"Jayanagar 5th Block, Bengaluru - KSPCB",2024-02-13 21:00:00+05:30,500.0,Severe,pm25,6
"Jayanagar 5th Block, Bengaluru - KSPCB",2024-02-13 20:00:00+05:30,500.0,Severe,pm25,6
"BTM Layout, Bengaluru - CPCB",2024-05-08 22:00:00+05:30,500.0,Severe,pm10,6
"Silk Board, Bengaluru - KSPCB",2024-01-10 13:00:00+05:30,500.0,Severe,pm25,6
"Jayanagar 5th Block, Bengaluru - KSPCB",2024-02-13 17:00:00+05:30,500.0,Severe,pm25,6
"Jayanagar 5th Block, Bengaluru - KSPCB",2024-02-13 02:00:00+05:30,500.0,Severe,pm25,6
"Jayanagar 5th Block, Bengaluru - KSPCB",2024-02-13 14:00:00+05:30,500.0,Severe,pm25,6
"Jayanagar 5th Block, Bengaluru - KSPCB",2024-02-13 19:00:00+05:30,500.0,Severe,pm25,6
"Jayanagar 5th Block, Bengaluru - KSPCB",2024-02-13 18:00:00+05:30,500.0,Severe,pm25,6
"BTM Layout, Bengaluru - CPCB",2024-05-08 12:00:00+05:30,500.0,Severe,pm10,5
"BTM Layout, Bengaluru - CPCB",2024-05-08 11:00:00+05:30,500.0,Severe,pm10,5
"BTM Layout, Bengaluru - CPCB",2024-05-08 13:00:00+05:30,500.0,Severe,pm10,5
"BTM Layout, Bengaluru - CPCB",2024-05-08 14:00:00+05:30,500.0,Severe,pm10,5
"BTM Layout, Bengaluru - CPCB",2024-05-08 15:00:00+05:30,500.0,Severe,pm10,5
"BTM Layout, Bengaluru - CPCB",2024-05-08 21:00:00+05:30,500.0,Severe,pm10,6
"Silk Board, Bengaluru - KSPCB",2024-01-10 07:00:00+05:30,500.0,Severe,pm25,6
"Silk Board, Bengaluru - KSPCB",2024-01-10 06:00:00+05:30,500.0,Severe,pm25,6
"Silk Board, Bengaluru - KSPCB",2024-01-10 00:00:00+05:30,500.0,Severe,pm25,6
"BTM Layout, Bengaluru - CPCB",2024-05-09 03:00:00+05:30,500.0,Severe,pm10,6
"BTM Layout, Bengaluru - CPCB",2024-05-08 16:00:00+05:30,500.0,Severe,pm10,4
"Silk Board, Bengaluru - KSPCB",2024-01-10 10:00:00+05:30,500.0,Severe,pm25,6
"Silk Board, Bengaluru - KSPCB",2024-01-10 09:00:00+05:30,500.0,Severe,pm25,6
"Silk Board, Bengaluru - KSPCB",2024-01-10 08:00:00+05:30,500.0,Severe,pm25,6
"BTM Layout, Bengaluru - CPCB",2024-05-09 02:00:00+05:30,500.0,Severe,pm10,6
"BTM Layout, Bengaluru - CPCB",2024-05-09 01:00:00+05:30,500.0,Severe,pm10,6
"BTM Layout, Bengaluru - CPCB",2024-05-09 00:00:00+05:30,500.0,Severe,pm10,6
"Jayanagar 5th Block, Bengaluru - KSPCB",2024-02-13 16:00:00+05:30,500.0,Severe,pm25,6
"BTM Layout, Bengaluru - CPCB",2024-05-08 17:00:00+05:30,500.0,Severe,pm10,4
"BTM Layout, Bengaluru - CPCB",2024-05-08 18:00:00+05:30,500.0,Severe,pm10,4
"BTM Layout, Bengaluru - CPCB",2024-05-08 19:00:00+05:30,500.0,Severe,pm10,6
"BTM Layout, Bengaluru - CPCB",2024-05-08 20:00:00+05:30,500.0,Severe,pm10,6
