month_name,mean,median,std,count
January,44.060031750832536,41.219078947368416,36.889899301747995,608
February,40.51652604908194,37.74122961956522,21.08516870970623,512
March,42.527262415018605,38.436344086021506,18.747179032011086,575
April,33.97198756696593,29.697916666666668,15.385625583878435,543
May,24.61906740478115,22.574166666666667,15.233065540499148,512
June,20.51015951226109,19.927083333333332,11.376052336022827,531
July,18.92817304150907,17.542083333333334,8.967893566995402,588
August,21.26198777675187,19.53957602562147,11.899340029711032,586
September,21.912719758757387,19.693598182624115,9.225637278327483,540
October,28.638633060311417,24.354166666666668,18.228578313344155,548
November,37.30968857645458,34.37134375,16.32809565378355,558
December,39.52271674443196,36.541666666666664,17.39345644670922,577
