,pm25,pm10,no,no2,nox,nh3,so2,co,o3
pm25,1.0,0.7578999836460951,0.14608663359842722,0.11501595512559427,0.13375593768152044,0.14706404800601466,0.046630265820271,0.3009115610881017,0.15708635981775454
pm10,0.7578999836460951,1.0,0.1336884406898754,0.12247382363615632,0.08723487131260478,0.08527885177844212,0.12735668441733825,0.33472976214233313,0.13739962622895746
no,0.14608663359842722,0.1336884406898754,1.0,0.5478068360258127,0.7273333704855384,0.572375141449028,0.06402470565472669,0.43495235455263914,0.20576745031313207
no2,0.11501595512559427,0.12247382363615632,0.5478068360258127,1.0,0.8951034607949435,0.6158595543648301,0.11828838169993158,0.3755955140035704,0.09079584737792737
nox,0.13375593768152044,0.08723487131260478,0.7273333704855384,0.8951034607949435,1.0,0.7701872301780252,0.12010035926886564,0.4346628393483059,0.09808064687424309
nh3,0.14706404800601466,0.08527885177844212,0.572375141449028,0.6158595543648301,0.7701872301780252,1.0,0.1535485447593566,0.35775248231379336,0.3125431648032825
so2,0.046630265820271,0.12735668441733825,0.06402470565472669,0.11828838169993158,0.12010035926886564,0.1535485447593566,1.0,0.18994798408531685,0.06704503076623976
co,0.3009115610881017,0.33472976214233313,0.43495235455263914,0.3755955140035704,0.4346628393483059,0.35775248231379336,0.18994798408531685,1.0,0.21851836156477458
o3,0.15708635981775454,0.13739962622895746,0.20576745031313207,0.09079584737792737,0.09808064687424309,0.3125431648032825,0.06704503076623976,0.21851836156477458,1.0
