Station Name,mean,median,std,minimum,maximum,valid_days
"Silk Board, Bengaluru - KSPCB",105.7854671992574,104.81209035580525,39.364391064077616,21.01086956521739,265.0421052631579,590
"RVCE-Mailasandra, Bengaluru - KSPCB",101.44536083103254,92.7510752688172,41.08500281292219,17.821521739130436,297.90597402597405,383
"City Railway Station, Bengaluru - KSPCB",89.16726085262795,90.05135416666667,17.88871007219782,17.885616438356166,178.3770886075949,492
"Kasturi Nagar, Bengaluru - KSPCB",75.33470319978996,59.02,43.84419551475033,6.03,227.3887777777778,603
"Bapuji Nagar, Bengaluru - KSPCB",74.47377619840591,72.00051487414189,32.73857598816982,17.614583333333332,201.65625,624
"Jigani, Bengaluru - KSPCB",72.93695577408066,70.04631578947368,28.19724098949197,21.99774193548387,183.08319444444444,584
"Shivapura_Peenya, Bengaluru - KSPCB",71.83689595583465,68.08105263157894,26.678066841136772,14.88978947368421,160.89566666666667,555
"Jayanagar 5th Block, Bengaluru - KSPCB",71.45578770672789,66.77083333333333,37.839716155321675,10.75,176.13483146067415,640
"Peenya, Bengaluru - CPCB",69.21235383926044,66.8237634408602,18.769332973783488,34.1175,143.50626373626372,565
"BTM Layout, Bengaluru - CPCB",63.64331826807871,56.376875000000005,37.21517566771254,17.15067415730337,649.468488372093,617
"Hebbal, Bengaluru - KSPCB",59.8949867360052,55.32291666666667,33.62415825502044,8.59375,159.20454545454547,678
"Hombegowda Nagar, Bengaluru - KSPCB",50.81903656303839,44.260416666666664,27.71235758106319,9.479166666666666,215.08045977011494,707
"Sanegurava Halli, Bengaluru - KSPCB",42.493737825486576,39.571894736842104,12.525973837550067,14.662068965517241,269.61591397849463,665
