Station Name,temperature,relative_humidity,wind_speed,rainfall,solar_radiation,pressure
"BTM Layout, Bengaluru - CPCB",0.0,95.32924002255497,96.40999937347284,0.0,95.2289956769626,93.52170916609235
"Bapuji Nagar, Bengaluru - KSPCB",98.39548867495405,98.24594198834782,0.001557777985481509,0.0,0.0,98.58709536716827
"City Railway Station, Bengaluru - KSPCB",0.0,0.0,0.0,0.0,0.0,0.0
"Hebbal, Bengaluru - KSPCB",98.71247792819305,93.26221306650972,97.37198351971747,0.0,0.0,0.0
"Hombegowda Nagar, Bengaluru - KSPCB",99.7296359482983,99.15854610646849,0.0,0.0,0.0,99.93927652314721
"Jayanagar 5th Block, Bengaluru - KSPCB",97.0532305158344,99.28127573556937,0.0,0.0,0.0,97.57131092311148
"Jigani, Bengaluru - KSPCB",74.39295485636114,66.86901504787961,73.86998404012768,90.41267669858641,53.076550387596896,74.31743046055631
"Kasturi Nagar, Bengaluru - KSPCB",91.01829685362517,85.22999316005472,90.86439808481532,89.7842567259462,91.01687186502508,91.01117191062471
"Peenya, Bengaluru - CPCB",0.0,99.56764189137576,0.0,0.0,98.79000840271942,99.88694522954702
"RVCE-Mailasandra, Bengaluru - KSPCB",65.50102599179206,68.6844505243958,90.60362517099864,90.7233242134063,30.045884632922938,29.864911080711355
"Sanegurava Halli, Bengaluru - KSPCB",96.20051660959933,96.96642037604373,68.42674355739773,0.0,71.49936925572176,0.0
"Shivapura_Peenya, Bengaluru - KSPCB",89.38810989512083,84.20827633378933,89.48073415412676,89.32683538531691,0.0,89.32256041951663
"Silk Board, Bengaluru - KSPCB",88.65424076607387,89.80990652074783,89.72298221614227,0.0,0.0,77.49658002735978
